رقم_القيد,مرجع,الوصف,التاريخ,مدين,دائن,الفرق
JE-2026-1432,10722,شراء FIBER 35 - علي عبد الحسين حافظ بلا الربيع - على فني مقتدى عبد الخالق حسين عبر رسول سالم,2026-05-05,50000.00,70000.00,20000.00
JE-2026-1496,10618,شراء FIBER 35 - حيدر كريم موسى بلا الربيعاوي - على فني مقتدى عبد الخالق حسين عبر رسول سالم,2026-05-05,50000.00,70000.00,20000.00
JE-2026-1497,10750,شراء FIBER 35 - مصطفى عباس حسن بلا الشويلي - على فني مقتدى عبد الخالق حسين عبر رسول سالم,2026-05-05,50000.00,70000.00,20000.00
JE-2026-1498,10619,شراء FIBER 35 - مصطفى علي حسين محمد دراجي - على فني سجاد احمد عبر رسول سالم,2026-05-05,50000.00,70000.00,20000.00
JE-2026-2234,10699,تجديد FIBER 35 - خلف حميد مارد بلا بلا - على وكيل ليث سدة عبر رسول سالم,2026-05-07,120000.00,140000.00,20000.00
JE-2026-2245,11274,تجديد FIBER 75 - ابراهيم هاشم حسين حسين الهاشمي - على فني حسين محمد هاشم عبر عبد الله محمد,2026-05-07,225000.00,195000.00,-30000.00
JE-2026-2465,11494,شراء FIBER 35 - حسن مجيد زغير بلا البطبوطي - على فني محمد اسعد عبر رسول سالم,2026-05-07,440000.00,480000.00,40000.00
JE-2026-2945,11876,تجديد FIBER 35 - معتز خليل عبدالرزاق بلا الساعدي - على فني علي جخيور عبر رسول سالم,2026-05-09,60000.00,70000.00,10000.00
JE-2026-3182,12079,شراء FIBER 35 - محمد نعيم حسن بلا الغريباوي - على فني عباس علي عباس عبر مرتضى باسل,2026-05-10,110000.00,120000.00,10000.00
JE-2026-3913,12710,تجديد FIBER 35 - عباس عبد الرزاق محمد بلا النداوي - على فني رحمن عبر رسول سالم,2026-05-14,25000.00,35000.00,10000.00
JE-2026-3916,12713,تجديد FIBER 35 - باقر محمد دواس بلا بلا - على فني عباس علي عباس عبر رسول سالم,2026-05-14,40000.00,35000.00,-5000.00
JE-2026-6000,14544,تجديد FIBER 35 - عادل سوادي كاظم بلا بلا - على فني مهدي محمد عبر زينب صلاح,2026-05-25,189000.00,183000.00,-6000.00
JE-2026-6750,15164,تجديد FIBER 35 - زيد طالب صاحب مهدي الساعدي - على فني عبد الله محمد (معدّل),2026-05-28,35000.00,40000.00,5000.00
JE-2026-9441,17431,تجديد FIBER 35 - سعد شهاب حمد بلا الغريباوي - على فني جعفر بطة عبر رسول سالم,2026-06-06,70000.00,105000.00,35000.00
JE-2026-9831,17783,شراء FIBER 35 - احمد مجيد علي بلا الدوسري - على فني محمد ميثاق عبر رسول سالم,2026-06-07,40000.00,60000.00,20000.00
JE-2026-11090,18500,شراء FIBER 35 - امير ابراهيم جاسم بلا البهادلي - على فني عباس علي عباس عبر عبد الله محمد,2026-06-11,40000.00,35000.00,-5000.00
JE-2026-11134,18544,شراء FIBER 35 - حلى جبار راضي بلا ناجي - على فني علي محمد عبدالحسين عبر عبد الله محمد,2026-06-11,40000.00,35000.00,-5000.00
JE-2026-11481,18842,تجديد FIBER 35 - كرار محمد راضي بلا بلا - على فني مهدي عبد الحسين (معدّل),2026-06-13,45000.00,35000.00,-10000.00
JE-2026-11527,18888,تجديد FIBER 35 - جواد كاظم دشر بلا الدراجي - نقد عبر زينب صلاح,2026-06-14,0.00,35000.00,35000.00
JE-2026-15196,21983,تجديد FIBER 35 - حسين علي عبد الزهره بلا البو دراج - على فني هادي باسم (معدّل),2026-06-30,90000.00,70000.00,-20000.00
JE-2026-16938,23641,تجديد FIBER 35 - حنان ماضي زناد محسن الساعدي - على فني حسين عبد الزهرة (معدّل),2026-07-06,45000.00,35000.00,-10000.00
JE-2026-26787,32221,تجديد BASIC - عباس كاظم مطرود بلا الساعدي - على فني عباس كاظم (معدّل),2026-08-21,0.00,40000.00,40000.00
JE-2026-26905,32339,تجديد PLUS - جاسم كاظم مطرود بلا الساعدي - على فني عباس كاظم (معدّل),2026-08-21,0.00,50000.00,50000.00
